bvets vehicle performance table 1.00,
#,B1
#a,2.793650794
#b,-147.2380952
0,0
100,1000
